"Nombre de la campaña","Nombre del conjunto de anuncios","Nombre del anuncio",Día,"Estado de la entrega","Nivel de la entrega","Tipo de resultado",Resultados,"Costo por resultado","Tasa de Conversión a WhatsApp","Conversaciones con mensajes iniciadas","Nuevos contactos de mensajes","Visitas al perfil de Instagram","Importe gastado (COP)",Alcance,Impresiones,Frecuencia,"Clics en el enlace","CTR único (todos)","CPC (costo por clic en el enlace)","CPM (costo por mil impresiones)","CTR (todos)","Seguimientos de Instagram",Interacciones,"Costo por conversación con mensajes iniciada","Inicio del informe","Fin del informe","Resultados (iniciales)"
,,,,,,mixed,,,0.02159827,110,,532,1124938,74255,150277,2.02379638,6044,7.59948825,186.12475182,7485.76295774,4.55558735,63,296,10226.70909091,2026-07-01,2026-08-24,
"[Awareness] - Tráfico Perfil - ABO","Frio Abierto","Reel 2",2026-08-24,active,ad,,,,,,,0,36,10,10,1,,,,3600,0,0,,,2026-08-24,2026-08-24,
"[Awareness] - Tráfico Perfil - ABO","Frio Abierto","Reel 1",2026-08-24,active,ad,"Visitas al perfil y a la página",113,49.23893805,0.01408451,1,1,3,5564,811,872,1.07521578,71,8.75462392,78.36619718,6380.73394495,8.94495413,0,,5564,2026-08-24,2026-08-24,
"[Awareness] - Tráfico Perfil - ABO","Frio Abierto","Reel 2",2026-08-23,active,ad,"Visitas al perfil y a la página",9,47.33333333,0,,,1,426,91,100,1.0989011,6,7.69230769,71,4260,9,1,1,,2026-08-23,2026-08-23,
"[Awareness] - Tráfico Perfil - ABO","Frio Abierto","Reel 1",2026-08-23,active,ad,"Visitas al perfil y a la página",249,39.5502008,0,,,4,9848,1608,1634,1.01616915,132,8.14676617,74.60606061,6026.92778458,8.13953488,0,,,2026-08-23,2026-08-23,
"[Awareness] - Tráfico Perfil - ABO","Frio Abierto","Reel 2",2026-08-22,active,ad,,,,,,,0,30,7,7,1,,,,4285.71428571,0,0,,,2026-08-22,2026-08-22,
"[Awareness] - Tráfico Perfil - ABO","Frio Abierto","Reel 1",2026-08-22,active,ad,"Visitas al perfil y a la página",217,44.94009217,0,,,10,9752,1404,1451,1.03347578,127,8.9031339,76.78740157,6720.88215024,8.75258442,0,1,,2026-08-22,2026-08-22,
"[Awareness] - Tráfico Perfil - ABO","Frio Abierto","Reel 1",2026-08-21,active,ad,"Visitas al perfil y a la página",218,42.33027523,0,,,2,9228,1180,1234,1.04576271,119,9.91525424,77.54621849,7478.11993517,9.96758509,0,1,,2026-08-21,2026-08-21,
"[Punta Cana] - Interacción- ABO","Frio Abierto","Reel Punta Cana",2026-08-21,not_delivering,ad,,,,0,,,1,4264,414,453,1.0942029,1,1.20772947,4264,9412.80353201,1.10375276,0,,,2026-08-21,2026-08-21,
"[Punta Cana] - Interacción- ABO","Frio Abierto","Reel Punta Cana",2026-08-20,not_delivering,ad,"Conversaciones con mensajes iniciadas",1,11342,0.16666667,1,1,2,11342,956,1173,1.22698745,6,1.46443515,1890.33333333,9669.22421142,1.19352089,0,2,11342,2026-08-20,2026-08-20,
"[Awareness] - Tráfico Perfil - ABO","Frio Abierto","Reel 2",2026-08-20,active,ad,"Visitas al perfil y a la página",4,11.5,0,,,0,46,18,19,1.05555556,1,5.55555556,46,2421.05263158,10.52631579,0,1,,2026-08-20,2026-08-20,
"[Awareness] - Tráfico Perfil - ABO","Frio Abierto","Reel 1",2026-08-20,active,ad,"Visitas al perfil y a la página",268,42,0,,,4,11256,1541,1590,1.03179753,150,9.53926022,75.04,7079.24528302,9.43396226,0,2,,2026-08-20,2026-08-20,
"[Awareness] - Tráfico Perfil - ABO","Frio Abierto","Reel 1",2026-08-19,active,ad,"Visitas al perfil y a la página",193,47.55440415,0,,,1,9178,1362,1382,1.01468429,112,8.14977974,81.94642857,6641.09985528,8.17655572,0,3,,2026-08-19,2026-08-19,
"[Punta Cana] - Interacción- ABO","Frio Abierto","Reel Punta Cana",2026-08-19,not_delivering,ad,"Conversaciones con mensajes iniciadas",3,4320.66666667,1,3,3,2,12962,1055,1288,1.22085308,3,1.42180095,4320.66666667,10063.66459627,1.24223602,0,2,4320.66666667,2026-08-19,2026-08-19,
"[Awareness] - Tráfico Perfil - ABO","Frio Abierto","Reel 2",2026-08-18,active,ad,"Visitas al perfil y a la página",3,74.33333333,0,,,1,223,65,67,1.03076923,2,4.61538462,111.5,3328.35820896,4.47761194,0,1,,2026-08-18,2026-08-18,
"[Awareness] - Tráfico Perfil - ABO","Frio Abierto","Reel 1",2026-08-18,active,ad,"Visitas al perfil y a la página",218,37.82110092,0,,,0,8245,1378,1431,1.03846154,120,8.63570392,68.70833333,5761.70510133,8.38574423,0,,,2026-08-18,2026-08-18,
"[Punta Cana] - Interacción- ABO","Frio Abierto","Reel Punta Cana",2026-08-18,not_delivering,ad,"Conversaciones con mensajes iniciadas",3,2343.33333333,1,3,3,2,7030,2153,2300,1.06827682,22,0.46446818,319.54545455,3056.52173913,1.34782609,0,4,2343.33333333,2026-08-18,2026-08-18,
"[Punta Cana] - Interacción- ABO","Frio Abierto","Reel Punta Cana",2026-08-17,not_delivering,ad,"Conversaciones con mensajes iniciadas",1,10313,0.33333333,1,1,1,10313,1225,1370,1.11836735,9,0.81632653,1145.88888889,7527.73722628,1.38686131,1,2,10313,2026-08-17,2026-08-17,
"[Awareness] - Tráfico Perfil - ABO","Frio Abierto","Reel 2",2026-08-17,active,ad,,,,,,,0,7,1,1,1,,,,7000,0,0,,,2026-08-17,2026-08-17,
"[Awareness] - Tráfico Perfil - ABO","Frio Abierto","Reel 1",2026-08-17,active,ad,"Visitas al perfil y a la página",312,32.17628205,0,,,5,10039,1758,1781,1.01308305,176,9.72696246,57.03977273,5636.72094329,9.76979225,1,1,,2026-08-17,2026-08-17,
"[Punta Cana] - Interacción- ABO","Frio Abierto","Reel Punta Cana",2026-08-16,not_delivering,ad,"Conversaciones con mensajes iniciadas",3,3687.33333333,1,3,2,0,11062,1201,1367,1.13821815,5,0.74937552,2212.4,8092.17264082,0.95098756,0,2,3687.33333333,2026-08-16,2026-08-16,
"[Awareness] - Tráfico Perfil - ABO","Frio Abierto","Reel 1",2026-08-16,active,ad,"Visitas al perfil y a la página",290,41.30344828,0,,,3,11978,1845,1888,1.02330623,148,7.96747967,80.93243243,6344.27966102,7.83898305,0,1,,2026-08-16,2026-08-16,
"[Awareness] - Tráfico Perfil - ABO","Frio Abierto","Reel 2",2026-08-15,active,ad,,,,,,,0,70,18,19,1.05555556,,,,3684.21052632,0,0,,,2026-08-15,2026-08-15,
"[Awareness] - Tráfico Perfil - ABO","Frio Abierto","Reel 1",2026-08-15,active,ad,"Visitas al perfil y a la página",247,34,0,,,2,8398,1301,1377,1.0584166,133,9.91544965,63.14285714,6098.7654321,9.44081336,0,,,2026-08-15,2026-08-15,
"[Punta Cana] - Interacción- ABO","Frio Abierto","Reel Punta Cana",2026-08-15,not_delivering,ad,"Conversaciones con mensajes iniciadas",2,4368.5,1,2,2,2,8737,1241,1383,1.11442385,5,0.7252216,1747.4,6317.42588576,1.01229212,0,,4368.5,2026-08-15,2026-08-15,
"[Awareness] - Tráfico Perfil - ABO","Frio Abierto","Reel 1",2026-08-14,active,ad,"Visitas al perfil y a la página",231,36.8961039,0,,,2,8523,1430,1522,1.06433566,126,8.67132867,67.64285714,5599.86859396,8.27858081,0,3,,2026-08-14,2026-08-14,
"[Punta Cana] - Interacción- ABO","Frio Abierto","Reel Punta Cana",2026-08-14,not_delivering,ad,"Conversaciones con mensajes iniciadas",2,4169,0.4,2,2,0,8338,1149,1286,1.11923412,8,1.39251523,1042.25,6483.67029549,1.55520995,0,4,4169,2026-08-14,2026-08-14,
"[Awareness] - Tráfico Perfil - ABO","Frio Abierto","Reel 2",2026-08-13,active,ad,"Visitas al perfil y a la página",6,86.16666667,0,,,1,517,134,136,1.01492537,3,2.98507463,172.33333333,3801.47058824,2.94117647,0,,,2026-08-13,2026-08-13,
"[Awareness] - Tráfico Perfil - ABO","Frio Abierto","Reel 1",2026-08-13,active,ad,"Visitas al perfil y a la página",279,36.37634409,0,,,6,10149,1716,1730,1.00815851,143,8.15850816,70.97202797,5866.47398844,8.20809249,0,1,,2026-08-13,2026-08-13,
"[Punta Cana] - Interacción- ABO","Frio Abierto","Reel Punta Cana",2026-08-13,not_delivering,ad,"Conversaciones con mensajes iniciadas",1,11358,0.33333333,1,1,0,11358,1648,1853,1.1243932,11,0.48543689,1032.54545455,6129.51969779,0.97139773,0,1,11358,2026-08-13,2026-08-13,
"[Punta Cana] - Interacción- ABO","Frio Abierto","Reel Punta Cana",2026-08-12,not_delivering,ad,"Conversaciones con mensajes iniciadas",2,6159,0.28571429,2,1,2,12318,1452,1656,1.14049587,9,1.03305785,1368.66666667,7438.4057971,1.02657005,0,2,6159,2026-08-12,2026-08-12,
"[Awareness] - Tráfico Perfil - ABO","Frio Abierto","Reel 1",2026-08-12,active,ad,"Visitas al perfil y a la página",246,41.41463415,0,,,3,10188,1464,1512,1.03278689,141,9.49453552,72.25531915,6738.0952381,9.39153439,0,,,2026-08-12,2026-08-12,
"[Awareness] - Tráfico Perfil - ABO","Frio Abierto","Reel 2",2026-08-12,active,ad,,,,,,,0,5,4,4,1,,,,1250,0,0,,,2026-08-12,2026-08-12,
"[Awareness] - Tráfico Perfil - ABO","Frio Abierto","Reel 1",2026-08-11,active,ad,"Visitas al perfil y a la página",269,38.62825279,0,,,1,10391,1468,1568,1.06811989,135,8.99182561,76.97037037,6626.91326531,8.67346939,0,,,2026-08-11,2026-08-11,
"[Punta Cana] - Interacción- ABO","Frio Abierto","Reel Punta Cana",2026-08-11,not_delivering,ad,"Conversaciones con mensajes iniciadas",1,9842,0.14285714,1,1,1,9842,1349,1637,1.21349148,8,1.4084507,1230.25,6012.21747098,1.2217471,0,3,9842,2026-08-11,2026-08-11,
"[Awareness] - Tráfico Perfil - ABO","Frio Abierto","Reel 2",2026-08-10,active,ad,,,,,,,0,36,13,14,1.07692308,,,,2571.42857143,0,0,,,2026-08-10,2026-08-10,
"[Awareness] - Tráfico Perfil - ABO","Frio Abierto","Reel 1",2026-08-10,active,ad,"Visitas al perfil y a la página",232,39.80603448,0,,,3,9235,1404,1405,1.00071225,120,8.4045584,76.95833333,6572.95373665,8.61209964,0,,,2026-08-10,2026-08-10,
"[Punta Cana] - Interacción- ABO","Frio Abierto","Reel Punta Cana",2026-08-10,not_delivering,ad,"Conversaciones con mensajes iniciadas",1,6857,0.5,1,1,0,6857,779,907,1.16431322,2,0.77021823,3428.5,7560.08820287,0.6615215,0,,6857,2026-08-10,2026-08-10,
"[Awareness] - Tráfico Perfil - ABO","Frio Abierto","Reel 1",2026-08-09,active,ad,"Visitas al perfil y a la página",280,44.49642857,0,,,5,12459,1973,2030,1.02889002,155,7.75468829,80.38064516,6137.43842365,7.73399015,0,1,,2026-08-09,2026-08-09,
"[Punta Cana] - Interacción- ABO","Frio Abierto","Reel Punta Cana",2026-08-09,not_delivering,ad,"Conversaciones con mensajes iniciadas",2,5999.5,0.5,2,1,2,11999,892,1007,1.12892377,5,0.89686099,2399.8,11915.59086395,1.09235353,0,1,5999.5,2026-08-09,2026-08-09,
"[Awareness] - Tráfico Perfil - ABO","Frio Abierto","Reel 2",2026-08-08,active,ad,"Visitas al perfil y a la página",8,53.125,0,,,0,425,153,155,1.0130719,4,2.61437908,106.25,2741.93548387,6.4516129,0,2,,2026-08-08,2026-08-08,
"[Awareness] - Tráfico Perfil - ABO","Frio Abierto","Reel 1",2026-08-08,active,ad,"Visitas al perfil y a la página",197,42.5177665,0,,,3,8376,1223,1261,1.03107114,116,9.32134096,72.20689655,6642.34734338,9.27835052,0,1,,2026-08-08,2026-08-08,
"[Punta Cana] - Interacción- ABO","Frio Abierto","Reel Punta Cana",2026-08-08,not_delivering,ad,"Conversaciones con mensajes iniciadas",2,3881.5,0.66666667,2,2,2,7763,443,543,1.22573363,3,1.58013544,2587.66666667,14296.50092081,1.4732965,0,,3881.5,2026-08-08,2026-08-08,
"[Punta Cana] - Interacción- ABO","Frio Abierto","Reel Punta Cana",2026-08-07,not_delivering,ad,"Conversaciones con mensajes iniciadas",2,4873,1,2,2,2,9746,609,743,1.22003284,2,1.64203612,4873,13117.09286676,1.34589502,0,2,4873,2026-08-07,2026-08-07,
"[Awareness] - Tráfico Perfil - ABO","Frio Abierto","Reel 2",2026-08-07,active,ad,,,,,,,0,23,14,14,1,,,,1642.85714286,0,0,1,,2026-08-07,2026-08-07,
"[Awareness] - Tráfico Perfil - ABO","Frio Abierto","Reel 1",2026-08-07,active,ad,"Visitas al perfil y a la página",211,42.27962085,0,,,2,8921,1286,1303,1.01321928,120,9.17573872,74.34166667,6846.50805833,9.2095165,0,,,2026-08-07,2026-08-07,
"[Awareness] - Tráfico Perfil - ABO","Frio Abierto","Reel 1",2026-08-06,active,ad,"Visitas al perfil y a la página",290,36.71724138,0,,,8,10648,1545,1563,1.01165049,159,10.03236246,66.96855346,6812.5399872,10.23672425,0,3,,2026-08-06,2026-08-06,
"[Punta Cana] - Interacción- ABO","Frio Abierto","Reel Punta Cana",2026-08-06,not_delivering,ad,,,,0,,,2,9919,577,687,1.19064125,1,1.55979203,9919,14438.13682678,1.31004367,0,,,2026-08-06,2026-08-06,
"[Awareness] - Tráfico Perfil - ABO","Frio Abierto","Reel 2",2026-08-05,active,ad,,,,,,,0,108,26,27,1.03846154,,3.84615385,,4000,3.7037037,0,,,2026-08-05,2026-08-05,
"[Awareness] - Tráfico Perfil - ABO","Frio Abierto","Reel 1",2026-08-05,active,ad,"Visitas al perfil y a la página",218,43.55504587,0,,,2,9495,1345,1385,1.02973978,121,9.21933086,78.47107438,6855.59566787,9.02527076,0,3,,2026-08-05,2026-08-05,
"[Punta Cana] - Interacción- ABO","Frio Abierto","Reel Punta Cana",2026-08-05,not_delivering,ad,"Conversaciones con mensajes iniciadas",2,4677.5,0.33333333,2,1,0,9355,564,659,1.16843972,6,2.30496454,1559.16666667,14195.75113809,2.27617602,0,5,4677.5,2026-08-05,2026-08-05,
"[Awareness] - Tráfico Perfil - ABO","Frio Abierto","Reel 1",2026-08-04,active,ad,"Visitas al perfil y a la página",203,52.03448276,0,,,1,10563,1444,1502,1.0401662,117,8.17174515,90.28205128,7032.62316911,7.92276964,0,1,,2026-08-04,2026-08-04,
"[Punta Cana] - Interacción- ABO","Frio Abierto","Reel Punta Cana",2026-08-04,not_delivering,ad,"Conversaciones con mensajes iniciadas",3,2508,0.75,3,3,3,7524,531,624,1.17514124,4,2.07156309,1881,12057.69230769,2.08333333,0,2,2508,2026-08-04,2026-08-04,
"[Punta Cana] - Interacción- ABO","Frio Abierto","Reel Punta Cana",2026-08-03,not_delivering,ad,"Conversaciones con mensajes iniciadas",1,14211,0.33333333,1,1,2,14211,638,749,1.17398119,3,2.6645768,4737,18973.29773031,2.40320427,0,6,14211,2026-08-03,2026-08-03,
"[Awareness] - Tráfico Perfil - ABO","Frio Abierto","Reel 2",2026-08-03,active,ad,,,,,,,0,75,23,24,1.04347826,,,,3125,0,0,,,2026-08-03,2026-08-03,
"[Awareness] - Tráfico Perfil - ABO","Frio Abierto","Reel 1",2026-08-03,active,ad,"Visitas al perfil y a la página",178,48.14606742,0,,,2,8570,1108,1162,1.04873646,88,7.76173285,97.38636364,7375.2151463,7.65920826,0,,,2026-08-03,2026-08-03,
"[Awareness] - Tráfico Perfil - ABO","Frio Abierto","Reel 2",2026-08-02,active,ad,,,,,,,0,43,18,18,1,,,,2388.88888889,0,0,,,2026-08-02,2026-08-02,
"[Awareness] - Tráfico Perfil - ABO","Frio Abierto","Reel 1",2026-08-02,active,ad,"Visitas al perfil y a la página",245,51.94285714,0,,,9,12726,1643,1706,1.03834449,135,8.09494827,94.26666667,7459.55451348,8.0890973,1,3,,2026-08-02,2026-08-02,
"[Punta Cana] - Interacción- ABO","Frio Abierto","Reel Punta Cana",2026-08-02,not_delivering,ad,"Conversaciones con mensajes iniciadas",1,11189,0.33333333,1,1,4,11189,617,711,1.15235008,3,2.10696921,3729.66666667,15736.99015471,1.82841069,1,2,11189,2026-08-02,2026-08-02,
"[Awareness] - Tráfico Perfil - ABO","Frio Abierto","Reel 1",2026-08-01,active,ad,"Visitas al perfil y a la página",162,57.08024691,0,,,8,9247,1374,1404,1.02183406,88,6.18631732,105.07954545,6586.18233618,6.41025641,1,2,,2026-08-01,2026-08-01,
"[Punta Cana] - Interacción- ABO","Frio Abierto","Reel Punta Cana",2026-08-01,not_delivering,ad,"Conversaciones con mensajes iniciadas",3,2917,0.6,3,3,4,8751,533,624,1.17073171,5,1.68855535,1750.2,14024.03846154,1.92307692,0,,2917,2026-08-01,2026-08-01,
"[Punta Cana] - Interacción- ABO","Frio Abierto","Reel Punta Cana",2026-07-31,not_delivering,ad,"Conversaciones con mensajes iniciadas",1,8433,0.25,1,1,0,8433,751,878,1.16910786,4,1.46471372,2108.25,9604.78359909,1.25284738,0,,8433,2026-07-31,2026-07-31,
"[Awareness] - Tráfico Perfil - ABO","Frio Abierto","Reel 2",2026-07-31,active,ad,"Visitas al perfil y a la página",2,65.5,0,,,0,131,18,19,1.05555556,1,5.55555556,131,6894.73684211,10.52631579,0,,,2026-07-31,2026-07-31,
"[Awareness] - Tráfico Perfil - ABO","Frio Abierto","Reel 1",2026-07-31,active,ad,"Visitas al perfil y a la página",182,54.76923077,0,,,8,9968,1180,1221,1.03474576,105,8.72881356,94.93333333,8163.8001638,8.51760852,1,2,,2026-07-31,2026-07-31,
"[Punta Cana] - Interacción- ABO","Frio Abierto","Reel Punta Cana",2026-07-30,not_delivering,ad,"Conversaciones con mensajes iniciadas",2,4477.5,0.5,2,1,1,8955,791,884,1.11757269,5,1.13780025,1791,10130.09049774,1.13122172,1,,4477.5,2026-07-30,2026-07-30,
"[Awareness] - Tráfico Perfil - ABO","Frio Abierto","Reel 1",2026-07-30,active,ad,"Visitas al perfil y a la página",217,49.50691244,0,,,7,10743,1231,1283,1.04224208,121,9.58570268,88.78512397,8373.34372564,9.43102104,0,1,,2026-07-30,2026-07-30,
"[Awareness] - Tráfico Perfil - ABO","Frio Abierto","Reel 2",2026-07-29,active,ad,,,,,,,0,149,27,28,1.03703704,,,,5321.42857143,0,0,,,2026-07-29,2026-07-29,
"[Awareness] - Tráfico Perfil - ABO","Frio Abierto","Reel 1",2026-07-29,active,ad,"Visitas al perfil y a la página",141,54.13475177,0,,,4,7633,910,944,1.03736264,80,8.68131868,95.4125,8085.80508475,8.36864407,0,1,,2026-07-29,2026-07-29,
"[Punta Cana] - Interacción- ABO","Frio Abierto","Reel Punta Cana",2026-07-29,not_delivering,ad,"Conversaciones con mensajes iniciadas",2,5128,0.5,2,1,4,10256,831,959,1.15403129,4,2.7677497,2564,10694.4734098,2.3983316,0,4,5128,2026-07-29,2026-07-29,
"[Remarketing] - Interacción - ABO","Público Personalizado","Maleta + IA",2026-07-28,not_delivering,ad,,,,0,,,1,3992,175,264,1.50857143,3,1.71428571,1330.66666667,15121.21212121,1.51515152,0,1,,2026-07-28,2026-07-28,
"[Remarketing] - Interacción - ABO","Público Personalizado",Bono,2026-07-28,not_delivering,ad,,,,,,,0,196,8,9,1.125,,,,21777.77777778,0,0,,,2026-07-28,2026-07-28,
"[Awareness] - Tráfico Perfil - ABO","Frio Abierto","Reel 2",2026-07-28,active,ad,,,,,,,0,321,58,61,1.05172414,,1.72413793,,5262.29508197,1.63934426,0,,,2026-07-28,2026-07-28,
"[Awareness] - Tráfico Perfil - ABO","Frio Abierto","Reel 1",2026-07-28,active,ad,"Visitas al perfil y a la página",214,48.47663551,0,,,4,10374,1408,1410,1.00142045,115,8.09659091,90.20869565,7357.44680851,8.43971631,1,2,,2026-07-28,2026-07-28,
"[Punta Cana] - Interacción- ABO","Frio Abierto","Reel Punta Cana",2026-07-28,not_delivering,ad,,,,0,,,1,10870,706,852,1.20679887,3,1.69971671,3623.33333333,12758.21596244,1.4084507,0,1,,2026-07-28,2026-07-28,
"[Awareness] - Tráfico Perfil - ABO","Frio Abierto","Reel 1",2026-07-27,active,ad,"Visitas al perfil y a la página",247,42.44939271,0,,,8,10485,1497,1509,1.00801603,140,9.21843687,74.89285714,6948.31013917,9.34393638,2,,,2026-07-27,2026-07-27,
"[Punta Cana] - Interacción- ABO","Frio Abierto","Reel Punta Cana",2026-07-27,not_delivering,ad,"Conversaciones con mensajes iniciadas",2,6214.5,1,2,2,2,12429,906,1072,1.18322296,2,0.99337748,6214.5,11594.21641791,0.93283582,0,3,6214.5,2026-07-27,2026-07-27,
"[Remarketing] - Interacción - ABO","Público Personalizado",Bono,2026-07-27,not_delivering,ad,,,,,,,0,16,2,2,1,,,,8000,0,0,,,2026-07-27,2026-07-27,
"[Awareness] - Tráfico Perfil - ABO","Frio Abierto","Reel 2",2026-07-27,active,ad,"Visitas al perfil y a la página",5,130.2,0,,,2,651,143,148,1.03496503,4,2.7972028,162.75,4398.64864865,2.7027027,0,,,2026-07-27,2026-07-27,
"[Remarketing] - Interacción - ABO","Público Personalizado","Maleta + IA",2026-07-27,not_delivering,ad,,,,0,,,3,4533,188,314,1.67021277,4,3.72340426,1133.25,14436.30573248,2.22929936,0,1,,2026-07-27,2026-07-27,
"[Remarketing] - Interacción - ABO","Público Personalizado","Maleta + IA",2026-07-26,not_delivering,ad,,,,0,,,0,6203,217,398,1.83410138,2,1.84331797,3101.5,15585.42713568,1.00502513,0,2,,2026-07-26,2026-07-26,
"[Remarketing] - Interacción - ABO","Público Personalizado",Bono,2026-07-26,not_delivering,ad,,,,,,,0,219,18,20,1.11111111,,,,10950,0,0,,,2026-07-26,2026-07-26,
"[Awareness] - Tráfico Perfil - ABO","Frio Abierto","Reel 2",2026-07-26,active,ad,"Visitas al perfil y a la página",17,91.41176471,0,,,2,1554,292,307,1.05136986,12,5.82191781,129.5,5061.88925081,6.51465798,0,,,2026-07-26,2026-07-26,
"[Awareness] - Tráfico Perfil - ABO","Frio Abierto","Reel 1",2026-07-26,active,ad,"Visitas al perfil y a la página",143,60.8951049,0,,,11,8708,1251,1316,1.05195843,81,6.5547562,107.50617284,6617.0212766,6.30699088,1,2,,2026-07-26,2026-07-26,
"[Punta Cana] - Interacción- ABO","Frio Abierto","Reel Punta Cana",2026-07-26,not_delivering,ad,"Conversaciones con mensajes iniciadas",3,3389.33333333,1,3,3,1,10168,724,858,1.18508287,3,1.38121547,3389.33333333,11850.81585082,1.51515152,0,2,3389.33333333,2026-07-26,2026-07-26,
"[Awareness] - Tráfico Perfil - ABO","Frio Abierto","Reel 1",2026-07-25,active,ad,"Visitas al perfil y a la página",140,68.26428571,0,,,13,9557,1422,1449,1.01898734,87,6.04781997,109.85057471,6595.5831608,6.0731539,1,4,,2026-07-25,2026-07-25,
"[Remarketing] - Interacción - ABO","Público Personalizado","Maleta + IA",2026-07-25,not_delivering,ad,"Conversaciones con mensajes iniciadas",1,8470,0.25,1,,1,8470,250,486,1.944,4,2.4,2117.5,17427.98353909,1.2345679,1,1,8470,2026-07-25,2026-07-25,
"[Remarketing] - Interacción - ABO","Público Personalizado",Bono,2026-07-25,not_delivering,ad,,,,,,,0,102,4,4,1,,,,25500,0,0,,,2026-07-25,2026-07-25,
"[Punta Cana] - Interacción- ABO","Frio Abierto","Reel Punta Cana",2026-07-25,not_delivering,ad,"Conversaciones con mensajes iniciadas",1,10265,1,1,1,4,10265,678,805,1.18731563,1,1.91740413,10265,12751.55279503,1.73913043,0,2,10265,2026-07-25,2026-07-25,
"[Remarketing] - Interacción - ABO","Público Personalizado",Bono,2026-07-24,not_delivering,ad,,,,,,,0,164,12,13,1.08333333,,8.33333333,,12615.38461538,7.69230769,0,,,2026-07-24,2026-07-24,
"[Awareness] - Tráfico Perfil - ABO","Frio Abierto","Reel 2",2026-07-24,active,ad,"Visitas al perfil y a la página",3,170.66666667,0,,,0,512,108,109,1.00925926,1,0.92592593,512,4697.24770642,1.83486239,0,,,2026-07-24,2026-07-24,
"[Awareness] - Tráfico Perfil - ABO","Frio Abierto","Reel 1",2026-07-24,active,ad,"Visitas al perfil y a la página",160,62.1625,0,,,9,9946,1236,1310,1.05987055,90,7.03883495,110.51111111,7592.36641221,6.79389313,1,,,2026-07-24,2026-07-24,
"[Punta Cana] - Interacción- ABO","Frio Abierto","Reel Punta Cana",2026-07-24,not_delivering,ad,,,,,,,4,9173,564,668,1.18439716,,0.70921986,,13732.03592814,0.5988024,1,,,2026-07-24,2026-07-24,
"[Remarketing] - Interacción - ABO","Público Personalizado","Maleta + IA",2026-07-24,not_delivering,ad,,,,0,,,2,7951,232,460,1.98275862,3,3.01724138,2650.33333333,17284.7826087,1.52173913,0,1,,2026-07-24,2026-07-24,
"[Punta Cana] - Interacción- ABO","Frio Abierto","Reel Punta Cana",2026-07-23,not_delivering,ad,"Conversaciones con mensajes iniciadas",3,2816,1,3,3,6,8448,434,508,1.17050691,3,2.53456221,2816,16629.92125984,2.36220472,1,,2816,2026-07-23,2026-07-23,
"[Awareness] - Tráfico Perfil - ABO","Frio Abierto","Reel 1",2026-07-23,active,ad,"Visitas al perfil y a la página",146,61.70547945,0,,,11,9009,1148,1200,1.04529617,86,7.31707317,104.75581395,7507.5,7.16666667,1,3,,2026-07-23,2026-07-23,
"[Awareness] - Tráfico Perfil - ABO","Frio Abierto","Reel 2",2026-07-23,active,ad,"Visitas al perfil y a la página",2,176.5,0,,,1,353,82,85,1.03658537,2,3.65853659,176.5,4152.94117647,3.52941176,1,,,2026-07-23,2026-07-23,
"[Remarketing] - Interacción - ABO","Público Personalizado",Bono,2026-07-23,not_delivering,ad,,,,,,,0,115,7,7,1,,,,16428.57142857,0,0,,,2026-07-23,2026-07-23,
"[Remarketing] - Interacción - ABO","Público Personalizado","Maleta + IA",2026-07-23,not_delivering,ad,,,,0,,,0,8392,166,274,1.65060241,2,1.80722892,4196,30627.73722628,1.09489051,0,2,,2026-07-23,2026-07-23,
"[Remarketing] - Interacción - ABO","Público Personalizado","Maleta + IA",2026-07-22,not_delivering,ad,,,,0,,,4,8227,185,385,2.08108108,4,4.32432432,2056.75,21368.83116883,2.33766234,1,,,2026-07-22,2026-07-22,
"[Awareness] - Tráfico Perfil - ABO","Frio Abierto","Reel 2",2026-07-22,active,ad,"Visitas al perfil y a la página",3,250.66666667,0,,,1,752,133,139,1.04511278,3,3.0075188,250.66666667,5410.07194245,2.87769784,0,2,,2026-07-22,2026-07-22,
"[Awareness] - Tráfico Perfil - ABO","Frio Abierto","Reel 1",2026-07-22,active,ad,"Visitas al perfil y a la página",170,46.97058824,0,,,7,7985,1240,1260,1.01612903,91,7.01612903,87.74725275,6337.3015873,7.3015873,0,5,,2026-07-22,2026-07-22,
"[Punta Cana] - Interacción- ABO","Frio Abierto","Reel Punta Cana",2026-07-22,not_delivering,ad,"Conversaciones con mensajes iniciadas",4,2340.5,1,4,4,3,9362,600,683,1.13833333,4,3.16666667,2340.5,13707.17423133,2.92825769,0,2,2340.5,2026-07-22,2026-07-22,
"[Punta Cana] - Interacción- ABO","Frio Abierto","Reel Punta Cana",2026-07-21,not_delivering,ad,"Conversaciones con mensajes iniciadas",2,4959,1,2,2,2,9918,615,741,1.20487805,2,2.11382114,4959,13384.61538462,1.88933873,0,4,4959,2026-07-21,2026-07-21,
"[Awareness] - Tráfico Perfil - ABO","Frio Abierto","Reel 2",2026-07-21,active,ad,"Visitas al perfil y a la página",18,121.55555556,0,,,3,2188,419,452,1.07875895,10,3.34128878,218.8,4840.7079646,3.76106195,1,2,,2026-07-21,2026-07-21,
"[Awareness] - Tráfico Perfil - ABO","Frio Abierto","Reel 1",2026-07-21,active,ad,"Visitas al perfil y a la página",126,63.46825397,0,,,6,7997,1162,1209,1.0404475,76,6.71256454,105.22368421,6614.55748553,6.4516129,1,4,,2026-07-21,2026-07-21,
"[Awareness] - Tráfico Perfil - ABO","Frio Abierto","Reel 1",2026-07-20,active,ad,"Visitas al perfil y a la página",168,62.8452381,0,,,6,10558,1552,1652,1.06443299,104,6.44329897,101.51923077,6391.04116223,6.41646489,1,5,,2026-07-20,2026-07-20,
"[Awareness] - Tráfico Perfil - ABO","Frio Abierto","Reel 2",2026-07-20,active,ad,"Visitas al perfil y a la página",18,53.16666667,0,,,2,957,212,226,1.06603774,10,5.66037736,95.7,4234.51327434,6.63716814,0,3,,2026-07-20,2026-07-20,
"[Punta Cana] - Interacción- ABO","Frio Abierto","Reel Punta Cana",2026-07-20,not_delivering,ad,"Conversaciones con mensajes iniciadas",1,11455,0.5,1,1,0,11455,647,751,1.16074189,2,1.08191654,5727.5,15252.99600533,1.06524634,0,2,11455,2026-07-20,2026-07-20,
"[Punta Cana] - Interacción- ABO","Frio Abierto","Reel Punta Cana",2026-07-19,not_delivering,ad,"Conversaciones con mensajes iniciadas",4,2844.75,1,4,4,3,11379,814,986,1.21130221,4,1.96560197,2844.75,11540.56795132,1.82555781,0,4,2844.75,2026-07-19,2026-07-19,
"[Awareness] - Tráfico Perfil - ABO","Frio Abierto","Reel 2",2026-07-19,active,ad,"Visitas al perfil y a la página",6,215.5,0,,,2,1293,310,317,1.02258065,5,2.25806452,258.6,4078.86435331,2.52365931,1,2,,2026-07-19,2026-07-19,
"[Awareness] - Tráfico Perfil - ABO","Frio Abierto","Reel 1",2026-07-19,active,ad,"Visitas al perfil y a la página",128,69.4765625,0,,,18,8893,1495,1578,1.05551839,85,5.75250836,104.62352941,5635.61470215,5.57667934,0,3,,2026-07-19,2026-07-19,
"[Awareness] - Tráfico Perfil - ABO","Frio Abierto","Reel 2",2026-07-18,active,ad,"Visitas al perfil y a la página",1,169,0,,,1,169,43,47,1.09302326,1,6.97674419,169,3595.74468085,6.38297872,0,1,,2026-07-18,2026-07-18,
"[Awareness] - Tráfico Perfil - ABO","Frio Abierto","Reel 1",2026-07-18,active,ad,"Visitas al perfil y a la página",165,59.71515152,0,,,17,9853,1347,1436,1.06607275,105,7.49814402,93.83809524,6861.42061281,7.59052925,2,3,,2026-07-18,2026-07-18,
"[Punta Cana] - Interacción- ABO","Frio Abierto","Reel Punta Cana",2026-07-18,not_delivering,ad,"Conversaciones con mensajes iniciadas",6,1388,1.2,6,6,2,8328,619,747,1.20678514,7,2.42326333,1189.71428571,11148.59437751,3.0789826,0,4,1388,2026-07-18,2026-07-18,
"[Awareness] - Tráfico Perfil - ABO","Frio Abierto","Reel 2",2026-07-17,active,ad,,,,,,,0,5,5,5,1,,,,1000,0,0,,,2026-07-17,2026-07-17,
"[Awareness] - Tráfico Perfil - ABO","Frio Abierto","Reel 1",2026-07-17,active,ad,"Visitas al perfil y a la página",160,67.06875,0,,,6,10731,1442,1518,1.05270458,95,6.72676838,112.95789474,7069.16996047,6.58761528,0,2,,2026-07-17,2026-07-17,
"[Punta Cana] - Interacción- ABO","Frio Abierto","Reel Punta Cana",2026-07-17,not_delivering,ad,"Conversaciones con mensajes iniciadas",4,2248.75,0.57142857,4,4,0,8995,571,663,1.16112084,7,2.10157618,1285,13567.11915535,2.11161388,0,1,2248.75,2026-07-17,2026-07-17,
"[Punta Cana] - Interacción- ABO","Frio Abierto","Reel Punta Cana",2026-07-16,not_delivering,ad,"Conversaciones con mensajes iniciadas",2,5385.5,0.66666667,2,2,4,10771,627,762,1.215311,3,1.9138756,3590.33333333,14135.17060367,1.70603675,0,4,5385.5,2026-07-16,2026-07-16,
"[Awareness] - Tráfico Perfil - ABO","Frio Abierto","Reel 2",2026-07-16,active,ad,"Visitas al perfil y a la página",1,621,0,,,0,621,103,107,1.03883495,1,2.91262136,621,5803.73831776,2.80373832,0,1,,2026-07-16,2026-07-16,
"[Awareness] - Tráfico Perfil - ABO","Frio Abierto","Reel 1",2026-07-16,active,ad,"Visitas al perfil y a la página",116,75.15517241,0,,,11,8718,1161,1230,1.05943152,76,6.63221361,114.71052632,7087.80487805,6.2601626,2,5,,2026-07-16,2026-07-16,
"[Awareness] - Tráfico Perfil - ABO","Frio Abierto","Reel 2",2026-07-15,active,ad,"Visitas al perfil y a la página",2,170,0,,,0,340,64,67,1.046875,2,3.125,170,5074.62686567,2.98507463,0,1,,2026-07-15,2026-07-15,
"[Awareness] - Tráfico Perfil - ABO","Frio Abierto","Reel 1",2026-07-15,active,ad,"Visitas al perfil y a la página",141,60.4751773,0,,,5,8527,1345,1390,1.03345725,80,5.72490706,106.5875,6134.5323741,5.89928058,0,1,,2026-07-15,2026-07-15,
"[Punta Cana] - Interacción- ABO","Frio Abierto","Reel Punta Cana",2026-07-15,not_delivering,ad,"Conversaciones con mensajes iniciadas",2,5114,0.4,2,2,4,10228,855,1029,1.20350877,5,2.22222222,2045.6,9939.7473275,1.9436346,0,2,5114,2026-07-15,2026-07-15,
"[Awareness] - Tráfico Perfil - ABO","Frio Abierto","Reel 2",2026-07-14,active,ad,"Visitas al perfil y a la página",3,205.66666667,0,,,0,617,204,210,1.02941176,2,2.45098039,308.5,2938.0952381,2.85714286,0,1,,2026-07-14,2026-07-14,
"[Awareness] - Tráfico Perfil - ABO","Frio Abierto","Reel 1",2026-07-14,active,ad,"Visitas al perfil y a la página",162,56.82716049,0,,,2,9206,1707,1763,1.03280609,97,5.97539543,94.90721649,5221.78105502,5.95575723,0,5,,2026-07-14,2026-07-14,
"[Punta Cana] - Interacción- ABO","Frio Abierto","Reel Punta Cana",2026-07-14,not_delivering,ad,,,,0,,,1,9257,795,945,1.18867925,2,1.25786164,4628.5,9795.76719577,1.05820106,0,1,,2026-07-14,2026-07-14,
"[Awareness] - Tráfico Perfil - ABO","Frio Abierto","Reel 1",2026-07-13,active,ad,"Visitas al perfil y a la página",153,60.92156863,0,,,9,9321,1491,1605,1.07645875,94,6.10328638,99.15957447,5807.47663551,5.91900312,0,7,,2026-07-13,2026-07-13,
"[Punta Cana] - Interacción- ABO","Frio Abierto","Reel Punta Cana",2026-07-13,not_delivering,ad,"Conversaciones con mensajes iniciadas",1,9487,0.33333333,1,1,0,9487,555,638,1.14954955,3,1.08108108,3162.33333333,14869.90595611,1.2539185,0,2,9487,2026-07-13,2026-07-13,
"[Awareness] - Tráfico Perfil - ABO","Frio Abierto","Reel 2",2026-07-13,active,ad,"Visitas al perfil y a la página",6,144,0,,,0,864,173,178,1.02890173,3,4.04624277,288,4853.93258427,5.05617978,0,,,2026-07-13,2026-07-13,
"[Punta Cana] - Interacción- ABO","Frio Abierto","Reel Punta Cana",2026-07-12,not_delivering,ad,"Conversaciones con mensajes iniciadas",5,2577.6,0.71428571,5,5,0,12888,915,1048,1.14535519,7,1.74863388,1841.14285714,12297.70992366,1.6221374,0,5,2577.6,2026-07-12,2026-07-12,
"[Awareness] - Tráfico Perfil - ABO","Frio Abierto","Reel 1",2026-07-12,active,ad,"Visitas al perfil y a la página",164,61.65243902,0,,,5,10111,1533,1664,1.08545336,104,6.91454664,97.22115385,6076.32211538,6.67067308,0,2,,2026-07-12,2026-07-12,
"[Awareness] - Tráfico Perfil - ABO","Frio Abierto","Reel 2",2026-07-12,active,ad,"Visitas al perfil y a la página",5,180.2,0,,,0,901,199,204,1.02512563,3,2.01005025,300.33333333,4416.66666667,1.96078431,0,,,2026-07-12,2026-07-12,
"[Awareness] - Tráfico Perfil - ABO","Frio Abierto","Reel 2",2026-07-11,active,ad,,,,,,,0,620,110,117,1.06363636,,1.81818182,,5299.14529915,1.70940171,0,,,2026-07-11,2026-07-11,
"[Awareness] - Tráfico Perfil - ABO","Frio Abierto","Reel 1",2026-07-11,active,ad,"Visitas al perfil y a la página",129,68.92248062,0,,,7,8891,1249,1324,1.06004804,74,5.60448359,120.14864865,6715.25679758,5.51359517,1,4,,2026-07-11,2026-07-11,
"[Punta Cana] - Interacción- ABO","Frio Abierto","Reel Punta Cana",2026-07-11,not_delivering,ad,"Conversaciones con mensajes iniciadas",1,7651,0.5,1,1,3,7651,397,472,1.18891688,2,2.01511335,3825.5,16209.74576271,1.69491525,0,2,7651,2026-07-11,2026-07-11,
"[Awareness] - Tráfico Perfil - ABO","Frio Abierto","Reel 2",2026-07-10,active,ad,,,,,,,0,79,14,14,1,,,,5642.85714286,0,0,,,2026-07-10,2026-07-10,
"[Awareness] - Tráfico Perfil - ABO","Frio Abierto","Reel 1",2026-07-10,active,ad,"Visitas al perfil y a la página",121,71.23140496,0,,,8,8619,1368,1442,1.05409357,77,5.84795322,111.93506494,5977.11511789,5.68654646,1,3,,2026-07-10,2026-07-10,
"[Punta Cana] - Interacción- ABO","Frio Abierto","Reel Punta Cana",2026-07-10,not_delivering,ad,"Conversaciones con mensajes iniciadas",2,4024.5,0.66666667,2,1,0,8049,546,643,1.17765568,3,2.1978022,2683,12517.88491446,1.86625194,0,2,4024.5,2026-07-10,2026-07-10,
"[Awareness] - Tráfico Perfil - ABO","Frio Abierto","Reel 1",2026-07-09,active,ad,"Visitas al perfil y a la página",140,66.94285714,0,,,1,9372,1541,1634,1.06035042,89,5.90525633,105.30337079,5735.61811506,5.81395349,0,2,,2026-07-09,2026-07-09,
"[Punta Cana] - Interacción- ABO","Frio Abierto","Reel Punta Cana",2026-07-09,not_delivering,ad,"Conversaciones con mensajes iniciadas",1,9593,0.2,1,1,4,9593,795,906,1.13962264,5,1.3836478,1918.6,10588.30022075,1.43487859,0,1,9593,2026-07-09,2026-07-09,
"[Awareness] - Tráfico Perfil - ABO","Frio Abierto","Reel 2",2026-07-09,active,ad,"Visitas al perfil y a la página",3,120.66666667,0,,,0,362,73,74,1.01369863,3,4.10958904,120.66666667,4891.89189189,5.40540541,0,,,2026-07-09,2026-07-09,
"[Awareness] - Tráfico Perfil - ABO","Frio Abierto","Reel 2",2026-07-08,active,ad,"Visitas al perfil y a la página",33,126.75757576,0,,,5,4183,726,755,1.0399449,19,3.16804408,220.15789474,5540.39735099,3.31125828,3,1,,2026-07-08,2026-07-08,
"[Awareness] - Tráfico Perfil - ABO","Frio Abierto","Reel 1",2026-07-08,active,ad,"Visitas al perfil y a la página",102,66.21568627,0,,,2,6754,963,1025,1.06438214,74,7.47663551,91.27027027,6589.26829268,7.31707317,0,1,,2026-07-08,2026-07-08,
"[Punta Cana] - Interacción- ABO","Frio Abierto","Reel Punta Cana",2026-07-08,not_delivering,ad,"Conversaciones con mensajes iniciadas",3,3417.33333333,0.75,3,3,1,10252,751,894,1.19041278,4,1.99733688,2563,11467.56152125,1.78970917,0,3,3417.33333333,2026-07-08,2026-07-08,
"[Awareness] - Tráfico Perfil - ABO","Frio Abierto","Reel 2",2026-07-07,active,ad,"Visitas al perfil y a la página",23,212.34782609,0,,,2,4884,939,995,1.05963791,19,2.66240682,257.05263158,4908.54271357,2.71356784,1,7,,2026-07-07,2026-07-07,
"[Awareness] - Tráfico Perfil - ABO","Frio Abierto","Reel 1",2026-07-07,active,ad,"Visitas al perfil y a la página",51,94.84313725,0,,,2,4837,749,759,1.01335113,32,4.4058745,151.15625,6372.85902503,4.34782609,0,,,2026-07-07,2026-07-07,
"[Punta Cana] - Interacción- ABO","Frio Abierto","Reel Punta Cana",2026-07-07,not_delivering,ad,"Conversaciones con mensajes iniciadas",4,3228.25,0.66666667,4,3,7,12913,889,1065,1.19797525,6,1.91226097,2152.16666667,12124.88262911,1.78403756,0,3,3228.25,2026-07-07,2026-07-07,
"[Awareness] - Tráfico Perfil - ABO","Frio Abierto","Reel 2",2026-07-06,active,ad,"Visitas al perfil y a la página",35,168.28571429,0,,,4,5890,1353,1431,1.05764967,22,2.43902439,267.72727273,4116.00279525,2.51572327,0,6,,2026-07-06,2026-07-06,
"[Awareness] - Tráfico Perfil - ABO","Frio Abierto","Reel 1",2026-07-06,active,ad,"Visitas al perfil y a la página",59,67.25423729,0,,,7,3968,634,669,1.05520505,47,7.2555205,84.42553191,5931.2406577,7.17488789,1,1,,2026-07-06,2026-07-06,
"[Punta Cana] - Interacción- ABO","Frio Abierto","Reel Punta Cana",2026-07-06,not_delivering,ad,"Conversaciones con mensajes iniciadas",1,12542,0.33333333,1,1,1,12542,863,1105,1.28041715,3,1.85399768,4180.66666667,11350.22624434,1.53846154,0,2,12542,2026-07-06,2026-07-06,
"[Awareness] - Tráfico Perfil - ABO","Frio Abierto","Reel 1",2026-07-05,active,ad,"Visitas al perfil y a la página",42,66.0952381,0,,,4,2776,563,581,1.03197158,33,5.68383659,84.12121212,4777.96901893,5.50774527,1,,,2026-07-05,2026-07-05,
"[Punta Cana] - Interacción- ABO","Frio Abierto","Reel Punta Cana",2026-07-05,not_delivering,ad,"Conversaciones con mensajes iniciadas",2,4404.5,0.5,2,2,1,8809,662,810,1.22356495,4,1.20845921,2202.25,10875.30864198,1.11111111,0,4,4404.5,2026-07-05,2026-07-05,
"[Remarketing] - Interacción - ABO","Público Personalizado","Maleta + IA",2026-07-05,not_delivering,ad,,,,0,,,2,1851,54,85,1.57407407,1,5.55555556,1851,21776.47058824,3.52941176,0,,,2026-07-05,2026-07-05,
"[Awareness] - Tráfico Perfil - ABO","Frio Abierto","Reel 2",2026-07-05,active,ad,"Visitas al perfil y a la página",37,236.86486486,0.03703704,1,1,12,8764,2043,2228,1.09055311,29,2.39843368,302.20689655,3933.57271095,2.6929982,2,10,8764,2026-07-05,2026-07-05,
"[Remarketing] - Interacción - ABO","Público Personalizado",Bono,2026-07-05,not_delivering,ad,,,,,,,0,81,5,5,1,,,,16200,0,0,,,2026-07-05,2026-07-05,
"[Remarketing] - Interacción - ABO","Público Personalizado","Maleta + IA",2026-07-04,not_delivering,ad,,,,,,,0,571,30,37,1.23333333,,,,15432.43243243,0,0,,,2026-07-04,2026-07-04,
"[Remarketing] - Interacción - ABO","Público Personalizado",Bono,2026-07-04,not_delivering,ad,,,,,,,0,42,5,5,1,,,,8400,0,0,1,,2026-07-04,2026-07-04,
"[Awareness] - Tráfico Perfil - ABO","Frio Abierto","Reel 2",2026-07-04,active,ad,"Visitas al perfil y a la página",33,198.06060606,0,,,12,6536,1420,1504,1.05915493,28,2.74647887,233.42857143,4345.74468085,2.79255319,2,6,,2026-07-04,2026-07-04,
"[Awareness] - Tráfico Perfil - ABO","Frio Abierto","Reel 1",2026-07-04,active,ad,"Visitas al perfil y a la página",17,99.82352941,0,,,8,1697,353,363,1.02832861,15,4.24929178,113.13333333,4674.93112948,4.1322314,1,3,,2026-07-04,2026-07-04,
"[Punta Cana] - Interacción- ABO","Frio Abierto","Reel Punta Cana",2026-07-04,not_delivering,ad,"Conversaciones con mensajes iniciadas",2,3677.5,0.66666667,2,2,1,7355,567,701,1.23633157,4,1.41093474,1838.75,10492.15406562,1.28388017,0,2,3677.5,2026-07-04,2026-07-04,
"[Punta Cana] - Interacción- ABO","Frio Abierto","Reel Punta Cana",2026-07-03,not_delivering,ad,"Conversaciones con mensajes iniciadas",1,6163,0.33333333,1,1,2,6163,1205,1267,1.05145228,3,0.66390041,2054.33333333,4864.24625099,0.86819258,0,2,6163,2026-07-03,2026-07-03,
"[Awareness] - Tráfico Perfil - ABO","Frio Abierto","Reel 1",2026-07-03,active,ad,"Visitas al perfil y a la página",12,97.5,0,,,1,1170,220,232,1.05454545,8,4.54545455,146.25,5043.10344828,4.31034483,0,1,,2026-07-03,2026-07-03,
"[Remarketing] - Interacción - ABO","Público Personalizado",Bono,2026-07-03,not_delivering,ad,,,,,,,0,589,14,14,1,,,,42071.42857143,0,0,,,2026-07-03,2026-07-03,
"[Awareness] - Tráfico Perfil - ABO","Frio Abierto","Reel 2",2026-07-03,active,ad,"Visitas al perfil y a la página",25,273.92,0,,,9,6848,1489,1632,1.09603761,20,1.94761585,342.4,4196.07843137,2.20588235,3,10,,2026-07-03,2026-07-03,
"[Remarketing] - Interacción - ABO","Público Personalizado","Maleta + IA",2026-07-03,not_delivering,ad,,,,0,,,1,5431,65,151,2.32307692,1,4.61538462,5431,35966.88741722,1.98675497,0,1,,2026-07-03,2026-07-03,
"[Remarketing] - Interacción - ABO","Público Personalizado","Maleta + IA",2026-07-02,not_delivering,ad,,,,0,,,1,6010,55,149,2.70909091,4,14.54545455,1502.5,40335.5704698,6.04026846,1,1,,2026-07-02,2026-07-02,
"[Remarketing] - Interacción - ABO","Público Personalizado",Bono,2026-07-02,not_delivering,ad,,,,,,,0,720,17,24,1.41176471,,5.88235294,,30000,4.16666667,0,,,2026-07-02,2026-07-02,
"[Awareness] - Tráfico Perfil - ABO","Frio Abierto","Reel 2",2026-07-02,active,ad,"Visitas al perfil y a la página",55,141.94545455,0.05128205,2,2,24,7807,1297,1471,1.13415574,42,3.77794911,185.88095238,5307.27396329,4.21481985,12,9,3903.5,2026-07-02,2026-07-02,
"[Awareness] - Tráfico Perfil - ABO","Frio Abierto","Reel 1",2026-07-02,active,ad,"Visitas al perfil y a la página",15,118.26666667,0,,,9,1774,373,393,1.0536193,17,4.02144772,104.35294118,4513.99491094,3.81679389,0,2,,2026-07-02,2026-07-02,
"[Punta Cana] - Interacción- ABO","Frio Abierto","Reel Punta Cana",2026-07-02,not_delivering,ad,"Conversaciones con mensajes iniciadas",2,3874.5,0.5,2,2,2,7749,1230,1362,1.10731707,6,1.13821138,1291.5,5689.42731278,1.3215859,0,2,3874.5,2026-07-02,2026-07-02,
"[Awareness] - Tráfico Perfil - ABO","Frio Abierto","Reel 2",2026-07-01,active,ad,"Visitas al perfil y a la página",33,155.96969697,0,,,15,5147,867,933,1.07612457,28,4.26758939,183.82142857,5516.6130761,4.82315113,5,4,,2026-07-01,2026-07-01,
"[Awareness] - Tráfico Perfil - ABO","Frio Abierto","Reel 1",2026-07-01,active,ad,"Visitas al perfil y a la página",52,109.32692308,0,,,14,5685,822,866,1.05352798,45,5.59610706,126.33333333,6564.66512702,5.65819861,1,3,,2026-07-01,2026-07-01,
"[Remarketing] - Interacción - ABO","Público Personalizado",Bono,2026-07-01,not_delivering,ad,,,,,,,0,651,7,11,1.57142857,,,,59181.81818182,0,0,,,2026-07-01,2026-07-01,
"[Remarketing] - Interacción - ABO","Público Personalizado","Maleta + IA",2026-07-01,not_delivering,ad,,,,0,,,0,3561,43,91,2.11627907,1,6.97674419,3561,39131.86813187,3.2967033,0,1,,2026-07-01,2026-07-01,
"[Punta Cana] - Interacción- ABO","Frio Abierto","Reel Punta Cana",2026-07-01,not_delivering,ad,"Conversaciones con mensajes iniciadas",5,3483.8,1,5,4,0,17419,10429,10941,1.04909387,21,0.18218429,829.47619048,1592.08481857,0.44785669,0,2,3483.8,2026-07-01,2026-07-01,
